Player,Team,Position,Salary,Years,Total Value,Average Annual
"Scherzer, Max",N.Y. Mets,RHP,"$43,333,333 ",3 (2022-24),"$130,000,000 ","$43,333,333 "
"Trout, Mike",L.A. Angels,OF,"$37,116,667 ",12 (2019-30),"$426,500,000 ","$35,541,667 "
"Rendon, Anthony",L.A. Angels,3B,"$36,571,429 ",7 (2020-26),"$245,000,000 ","$35,000,000 "
"Cole, Gerrit",N.Y. Yankees,RHP,"$36,000,000 ",9 (2020-28),"$324,000,000 ","$36,000,000 "
"Correa, Carlos",Minnesota,SS,"$35,100,000 ",3 (2022-24),"$105,300,000 ","$35,100,000 "
"Machado, Manny",San Diego,3B,"$34,000,000 ",10 (2019-28),"$300,000,000 ","$30,000,000 "
"Seager, Corey",Texas,SS,"$33,000,000 ",10 (2022-31),"$325,000,000 ","$32,500,000 "
"Arenado, Nolan",St. Louis,3B,"$32,974,847 ",8 (2019-26),"$260,000,000 ","$32,500,000 "
"Lindor, Francisco",N.Y. Mets,SS,"$32,477,277 ",10 (2022-31),"$341,000,000 ","$34,100,000 "
"Strasburg, Stephen",Washington,RHP,"$32,205,854 ",7 (2020-26),"$245,000,000 ","$35,000,000 "
"Price, David",L.A. Dodgers,LHP,"$32,000,000 ",7 (2016-22),"$217,000,000 ","$31,000,000 "
"Bauer, Trevor",L.A. Dodgers,RHP,"$32,000,000 ",3 (2021-23),"$102,000,000 ","$34,000,000 "
"Cabrera, Miguel",Detroit,DH,"$32,000,000 ",8 (2016-23),"$248,000,000 ","$31,000,000 "
"Springer, George",Toronto,OF,"$29,666,667 ",6 (2021-26),"$150,000,000 ","$25,000,000 "
"Altuve, Jose",Houston,2B,"$29,000,000 ",7 (2018-19),"$163,500,000 ","$23,357,143 "
"Stanton, Giancarlo",N.Y. Yankees,DH,"$29,000,000 ",13 (2015-27),"$325,000,000 ","$25,000,000 "
"Harper, Bryce",Philadelphia,OF,"$27,538,462 ",13 (2019-31),"$330,000,000 ","$25,384,615 "
"deGrom, Jacob",N.Y. Mets,RHP,"$27,257,728 ",5 (2019-23),"$137,500,000 ","$27,500,000 "
"Wheeler, Zack",Philadelphia,RHP,"$26,000,000 ",5 (2020-24),"$118,000,000 ","$23,600,000 "
"Freeman, Freddie",L.A. Dodgers,1B,"$25,440,196 ",6 (2022-27),"$162,000,000 ","$27,000,000 "
"Goldschmidt, Paul",St. Louis,1B,"$25,333,333 ",5 (2020-24),"$130,000,000 ","$26,000,000 "
"Semien, Marcus",Texas,2B,"$25,000,000 ",7(2022-28),"$175,000,000 ","$25,000,000 "
"Verlander, Justin",Houston,RHP,"$25,000,000 ",,$0 ,$0 
"Stroman, Marcus",Chi. Cubs,RHP,"$25,000,000 ",3 (2022-24),"$71,000,000 ","$23,666,667 "
"Votto, Joey",Cincinnati,1B,"$25,000,000 ",10 (2014-23),"$225,000,000 ","$22,500,000 "
"Yelich, Christian",Milwaukee,OF,"$24,316,961 ",9 (2020-28),"$215,000,000 ","$23,888,889 "
"Sale, Chris",Boston,LHP,"$24,172,484 ",5 (2020-24),"$145,000,000 ","$29,000,000 "
"Cano, Robinson",N.Y. Mets,2B,"$24,000,000 ",10 (2014-23),"$240,000,000 ","$24,000,000 "
"Realmuto, JT",Philadelphia,C,"$23,875,000 ",5 (2021-25),"$115,500,000 ","$23,100,000 "
"Corbin, Patrick",Washington,LHP,"$23,416,667 ",6 (2019-24),"$140,000,000 ","$23,333,333 "
"Donaldson, Josh",N.Y. Yankees,3B,"$23,000,000 ",4 (2020-23),"$92,000,000 ","$23,000,000 "
"Myers, Wil",San Diego,OF,"$22,500,000 ",6 (2017-22),"$83,000,000 ","$13,833,333 "
"Heyward, Jason",Chi. Cubs,OF,"$22,000,000 ",8 (2016-23),"$184,000,000 ","$23,000,000 "
"Ramirez, Jose",Cleveland,3B,"$22,000,000 ",7 (2022-28),"$141,000,000 ","$20,142,857 "
"Bumgarner, Madison",Arizona,LHP,"$21,882,892 ",5 (2020-24),"$85,000,000 ","$17,000,000 "
"Rodon, Carlos",San Francisco,LHP,"$21,500,000 ",2 (2022-23),"$44,000,000 ","$22,000,000 "
"Hosmer, Eric",San Diego,1B,"$21,000,000 ",8 (2018-25),"$144,000,000 ","$18,000,000 "
"Ray, Robbie",Seattle,LHP,"$21,000,000 ",5 (2022-26),"$115,000,000 ","$23,000,000 "
"Gausman, Kevin",Toronto,RHP,"$21,000,000 ",5 (2022-26),"$110,000,000 ","$22,000,000 "
"Blackmon, Charlie",Colorado,OF,"$21,000,000 ",6 (2018-23),"$108,000,000 ","$18,000,000 "
"Turner, Trea",L.A. Dodgers,SS,"$21,000,000 ",,$0 ,$0 
"Syndergaard, Noah",L.A. Angels,RHP,"$21,000,000 ",,$0 ,$0 
"Baez, Javier",Detroit,SS,"$20,000,000 ",6 (2022-27),"$140,000,000 ","$23,333,333 "
"Morton, Charlie",Atlanta,RHP,"$20,000,000 ",,$0 ,$0 
"Bogaerts, Xander",Boston,SS,"$20,000,000 ",6 (2020-25),"$120,000,000 ","$20,000,000 "
"Story, Trevor",Boston,2B,"$20,000,000 ",6 (2022-27),"$140,000,000 ","$23,333,333 "
"Ryu, Hyun-Jin",Toronto,LHP,"$20,000,000 ",4 (2020-23),"$80,000,000 ","$20,000,000 "
"Darvish, Yu",San Diego,RHP,"$20,000,000 ",6 (2018-23),"$126,000,000 ","$21,000,000 "
"Castellanos, Nick",Philadelphia,OF,"$20,000,000 ",5 (2022-26),"$100,000,000 ","$20,000,000 "
"Turner, Justin",L.A. Dodgers,3B,"$19,579,357 ",2 (2021-22),"$34,000,000 ","$17,000,000 "
"Martinez, JD",Boston,DH,"$19,375,000 ",5 (2018-22),"$110,000,000 ","$22,000,000 "
"Abreu, Jose",Chic. White Sox,1B,"$19,131,153 ",3 (2020-23),"$50,000,000 ","$16,666,667 "
"Schwarber, Kyle",Philadelphia,OF,"$19,000,000 ",4 (2022-25),"$79,000,000 ","$19,750,000 "
"Betts, Mookie",L.A. Dodgers,OF,"$18,658,692 ",12 (2021-32),"$365,000,000 ","$30,416,667 "
"Lynn, Lance",Chic. White Sox,RHP,"$18,500,000 ",2 (2022-23),"$38,000,000 ","$19,000,000 "
"Belt, Brandon",San Francisco,1B,"$18,400,000 ",,$0 ,$0 
"Grandal, Yasmani",Chic. White Sox,C,"$18,250,000 ",4 (2020-23),"$73,000,000 ","$18,250,000 "
"Keuchel, Dallas",Chic. White Sox,LHP,"$18,000,000 ",3 (2020-22),"$55,500,000 ","$18,500,000 "
"Bryant, Kris",Colorado,OF,"$18,000,000 ",7 (2022-28),"$182,000,000 ","$26,000,000 "
"Perez, Salvador",Kansas City,C,"$18,000,000 ",4 (2022-25),"$82,000,000 ","$20,500,000 "
"Cain, Lorenzo",Milwaukee,OF,"$17,801,121 ",5 (2018-22),"$80,000,000 ","$16,000,000 "
"Longoria, Evan",San Francisco,3B,"$17,500,000 ",6 (2017-22),"$100,000,000 ","$16,666,667 "
"Wainwright, Adam",St. Louis,RHP,"$17,500,000 ",,$0 ,$0 
"Soto, Juan",Washington,OF,"$17,100,000 ",,$0 ,$0 
"Mikolas, Miles",St. Louis,RHP,"$17,000,000 ",4 (2020-23),"$68,000,000 ","$17,000,000 "
"Judge, Aaron",N.Y. Yankees,OF,"$17,000,000 ",,$0 ,$0 
"Bellinger, Cody",L.A. Dodgers,OF,"$17,000,000 ",,$0 ,$0 
"Kershaw, Clayton",L.A. Dodgers,LHP,"$17,000,000 ",,$0 ,$0 
"Eovaldi, Nathan",Boston,RHP,"$17,000,000 ",4 (2019-22),"$68,000,000 ","$17,000,000 "
"Ozuna, Marcell",Atlanta,OF,"$16,000,000 ",4 (2021-24),"$65,000,000 ","$16,250,000 "
"Jansen, Kenley",Atlanta,RHP,"$16,000,000 ",,$0 ,$0 
"Moustakas, Mike",Cincinnati,3B,"$16,000,000 ",4 (2020-23),"$64,000,000 ","$16,000,000 "
"Kimbrel, Craig",L.A. Dodgers,RHP,"$16,000,000 ",,$0 ,$0 
"Brantley, Michael",Houston,OF,"$16,000,000 ",2 (2021-22),"$32,000,000 ","$16,000,000 "
"Chapman, Aroldis",N.Y. Yankees,LHP,"$16,000,000 ",3 (2020-22),"$48,000,000 ","$16,000,000 "
"Rizzo, Anthony",N.Y. Yankees,1B,"$16,000,000 ",2 (2022-23),"$32,000,000 ","$16,000,000 "
"Crawford, Brandon",San Francisco,SS,"$16,000,000 ",2 (2022-23),"$32,000,000 ","$16,000,000 "
"Kikuchi, Yusei",Toronto,LHP,"$16,000,000 ",3 (2022-24),"$36,000,000 ","$12,000,000 "
"McCullers Jr., Lance",Houston,RHP,"$15,950,000 ",5 (2022-26),"$85,000,000 ","$17,000,000 "
"Marte, Starling",N.Y. Mets,OF,"$15,750,000 ",4 (2022-25),"$78,000,000 ","$19,500,000 "
"Nola, Aaron",Philadelphia,RHP,"$15,500,000 ",4 (2019-22),"$45,000,000 ","$11,250,000 "
"Gregorius, Didi",Philadelphia,SS,"$15,013,985 ",2 (2021-22),"$28,000,000 ","$14,000,000 "
"Gray, Jon",Texas,RHP,"$15,000,000 ",4 (2022-25),"$56,000,000 ","$14,000,000 "
"LeMahieu, DJ",N.Y. Yankees,2B,"$15,000,000 ",6 (2021-26),"$90,000,000 ","$15,000,000 "
"Taylor, Chris",L.A. Dodgers,OF,"$15,000,000 ",4 (2022-25),"$60,000,000 ","$15,000,000 "
"Acuna Jr., Ronald",Atlanta,OF,"$15,000,000 ",8 (2019-26),"$100,000,000 ","$12,500,000 "
"Olson, Matt",Atlanta,1B,"$15,000,000 ",8 (2022-29),"$168,000,000 ","$21,000,000 "
"Hendricks, Kyle",Chi. Cubs,RHP,"$14,500,000 ",4 (2020-23),"$55,500,000 ","$13,875,000 "
"Segura, Jean",Philadelphia,SS,"$14,250,000 ",5 (2018-22),"$70,000,000 ","$14,000,000 "
"Rodriguez, Eduardo",Detroit,LHP,"$14,000,000 ",5 (2022-26),"$77,000,000 ","$15,400,000 "
"Britton, Zack",N.Y. Yankees,LHP,"$14,000,000 ",,$0 ,$0 
"Andrus, Elvis",Oakland,SS,"$14,000,000 ",8 (2015-22),"$120,000,000 ","$15,000,000 "
"Moncada, Yoan",Chic. White Sox,3B,"$13,800,000 ",5 (2020-24),"$70,000,000 ","$14,000,000 "
"Hendriks, Liam",Chic. White Sox,RHP,"$13,333,333 ",3 (2021-23),"$54,000,000 ","$18,000,000 "
"Smith, Will",Atlanta,LHP,"$13,000,000 ",3 (2020-22),"$40,000,000 ","$13,333,333 "
"Canha, Mark",N.Y. Mets,OF,"$13,000,000 ",2 (2022-23),"$26,500,000 ","$13,250,000 "
"Bregman, Alex",Houston,3B,"$13,000,000 ",5 (2020-24),"$100,000,000 ","$20,000,000 "
"Greinke, Zack",Kansas City,RHP,"$13,000,000 ",,$0 ,$0 
"Muncy, Max",L.A. Dodgers,1B,"$13,000,000 ",3 (2020-22),"$26,000,000 ","$8,666,667 "
"Wood, Alex",San Francisco,LHP,"$12,500,000 ",2 (2022-23),"$25,000,000 ","$12,500,000 "
"Snell, Blake",San Diego,LHP,"$12,500,000 ",5 (2019-23),"$50,000,000 ","$10,000,000 "
"Chapman, Matt",Toronto,3B,"$12,500,000 ",2 (2022-23),"$25,000,000 ","$12,500,000 "
"Kiermaier, Kevin",Tampa Bay,OF,"$12,166,667 ",6 (2017-22),"$53,500,000 ","$8,916,667 "
"Cruz, Nelson",Washington,DH,"$12,000,000 ",,$0 ,$0 
"DeSclafani, Anthony",San Francisco,RHP,"$12,000,000 ",3 (2022-24),"$36,000,000 ","$12,000,000 "
"Carrasco, Carlos",N.Y. Mets,RHP,"$12,000,000 ",4 (2019-22),"$47,000,000 ","$11,750,000 "
"Garcia, Avisail",Miami,OF,"$12,000,000 ",4 (2022-25),"$53,000,000 ","$13,250,000 "
"Soler, Jorge",Miami,DH,"$12,000,000 ",3 (2022-24),"$36,000,000 ","$12,000,000 "
"Severino, Luis",N.Y. Yankees,RHP,"$11,500,000 ",4 (2019-22),"$40,000,000 ","$10,000,000 "
"Marquez, German",Colorado,RHP,"$11,300,000 ",5 (2019-23),"$43,000,000 ","$8,600,000 "
"Devers, Rafael",Boston,3B,"$11,200,000 ",,$0 ,$0 
"Hader, Josh",Milwaukee,LHP,"$11,000,000 ",,$0 ,$0 
"Suarez, Eugenio",Seattle,3B,"$11,000,000 ",7 (2018-24),"$66,000,000 ","$9,428,571 "
"Berrios, Jose",Toronto,RHP,"$11,000,000 ",7 (2022-28),"$131,000,000 ","$18,714,286 "
"Hicks, Aaron",N.Y. Yankees,OF,"$10,785,714 ",7 (2019-25),"$70,000,000 ","$10,000,000 "
"Gray, Sonny",Minnesota,RHP,"$10,700,000 ",3 (2020-22),"$30,500,000 ","$10,166,667 "
"Hernandez, Teoscar",Toronto,OF,"$10,650,000 ",,$0 ,$0 
"Sano, Miguel",Minnesota,1B,"$10,583,333 ",3 (2020-22),"$30,000,000 ","$10,000,000 "
"Santana, Carlos",Kansas City,DH,"$10,500,000 ",2 (2021-22),"$17,500,000 ","$8,750,000 "
"Gallo, Joey",N.Y. Yankees,OF,"$10,275,000 ",,$0 ,$0 
"Diaz, Edwin",N.Y. Mets,RHP,"$10,200,000 ",,$0 ,$0 
"Escobar, Eduardo",N.Y. Mets,3B,"$10,000,000 ",2 (2022-23),"$20,000,000 ","$10,000,000 "
"Pressly, Ryan",Houston,RHP,"$10,000,000 ",,$0 ,$0 
"Iglesias, Raisel",L.A. Angels,RHP,"$10,000,000 ",4 (2022-25),"$58,000,000 ","$14,500,000 "
"Miley, Wade",Chi. Cubs,LHP,"$10,000,000 ",,$0 ,$0 
"Pollock, AJ",Chic. White Sox,OF,"$10,000,000 ",4 (2019-22),"$55,000,000 ","$13,750,000 "
"Minor, Mike",Cincinnati,LHP,"$10,000,000 ",2 (2021-22),"$18,000,000 ","$9,000,000 "
"Bell, Josh",Washington,1B,"$10,000,000 ",,$0 ,$0 
"Molina, Yadier",St. Louis,C,"$10,000,000 ",,$0 ,$0 
"Pomeranz, Drew",San Diego,LHP,"$10,000,000 ",4 (2020-23),"$34,000,000 ","$8,500,000 "
"Knebel, Corey",Philadelphia,RHP,"$10,000,000 ",,$0 ,$0 
"Manaea, Sean",San Diego,LHP,"$9,750,000 ",,$0 ,$0 
"Anderson, Tim",Chic. White Sox,SS,"$9,500,000 ",6 (2017-22),"$25,000,000 ","$4,166,667 "
"Grichuk, Randal",Colorado,OF,"$9,333,333 ",5 (2019-23),"$52,000,000 ","$10,400,000 "
"Duvall, Adam",Atlanta,OF,"$9,275,000 ",,$0 ,$0 
"Swanson, Dansby",Atlanta,SS,"$9,200,000 ",,$0 ,$0 
"Buxton, Byron",Minnesota,OF,"$9,142,857 ",7 (2022-28),"$100,000,000 ","$14,285,714 "
"Bradley Jr., Jackie",Boston,OF,"$9,139,485 ",2 (2021-22),"$24,000,000 ","$12,000,000 "
"Contreras, Willson",Chi. Cubs,C,"$9,000,000 ",,$0 ,$0 
"Rosario, Eddie",Atlanta,OF,"$9,000,000 ",2 (2022-23),"$18,000,000 ","$9,000,000 "
"Cobb, Alex",San Francisco,RHP,"$9,000,000 ",2 (2022-23),"$20,000,000 ","$10,000,000 "
"Musgrove, Joe",San Diego,RHP,"$8,625,000 ",,$0 ,$0 
"Matz, Steven",St. Louis,LHP,"$8,500,000 ",4 (2022-25),"$44,000,000 ","$11,000,000 "
"Sanchez, Gary",Minnesota,C,"$8,500,000 ",,$0 ,$0 
"Wong, Kolten",Milwaukee,2B,"$8,500,000 ",2 (2021-22),"$18,000,000 ","$9,000,000 "
"McCutchen, Andrew",Milwaukee,OF,"$8,500,000 ",,$0 ,$0 
"Heaney, Andrew",L.A. Dodgers,LHP,"$8,500,000 ",,$0 ,$0 
"Marte, Ketel",Arizona,2B,"$8,400,000 ",5 (2018-22),"$24,000,000 ","$4,800,000 "
"Bassitt, Chris",N.Y. Mets,RHP,"$8,300,000 ",,$0 ,$0 
"McCann, James",N.Y. Mets,C,"$8,150,000 ",4 (2021-24),"$40,600,000 ","$10,150,000 "
"Barnes, Matt",Boston,RHP,"$8,125,000 ",2 (2021-22),"$18,750,000 ","$9,375,000 "
"Suzuki, Seiya",Chi. Cubs,INF,"$8,000,000 ",5 (2022-26),"$85,000,000 ","$17,000,000 "
"D'Arnaud, Travis",Atlanta,C,"$8,000,000 ",2 (2022-23),"$16,000,000 ","$8,000,000 "
"Graveman, Kendall",Chic. White Sox,RHP,"$8,000,000 ",3 (2022-24),"$24,000,000 ","$8,000,000 "
"Walker, Taijuan",N.Y. Mets,RHP,"$8,000,000 ",2 (2021-22),"$20,000,000 ","$10,000,000 "
"Treinen, Blake",L.A. Dodgers,RHP,"$8,000,000 ",2 (2021-22),"$17,500,000 ","$8,750,000 "
"Anderson, Tyler",L.A. Dodgers,LHP,"$8,000,000 ",,$0 ,$0 
"Urias, Julio",L.A. Dodgers,LHP,"$8,000,000 ",,$0 ,$0 
"Neris, Hector",Houston,RHP,"$8,000,000 ",2 (2022-23),"$17,000,000 ","$8,500,000 "
"Gurriel, Yulieski",Houston,1B,"$8,000,000 ",,$0 ,$0 
"Odorizzi, Jake",Houston,RHP,"$8,000,000 ",,$0 ,$0 
"Harris, Will",Washington,RHP,"$8,000,000 ",3 (2020-22),"$24,000,000 ","$8,000,000 "
"Kluber, Corey",Tampa Bay,RHP,"$8,000,000 ",,$0 ,$0 
"Clevinger, Mike",San Diego,RHP,"$8,000,000 ",2 (2021-22),"$11,500,000 ","$5,750,000 "
"Guerrero Jr., Vladimir",Toronto,1B,"$7,900,000 ",,$0 ,$0 
"Ahmed, Nick",Arizona,SS,"$7,875,000 ",4 (2020-23),"$32,500,000 ","$8,125,000 "
"May, Trevor",N.Y. Mets,RHP,"$7,750,000 ",2 (2021-22),"$15,500,000 ","$7,750,000 "
"Haniger, Mitch",Seattle,OF,"$7,750,000 ",,$0 ,$0 
"Hoskins, Rhys",Philadelphia,1B,"$7,700,000 ",,$0 ,$0 
"Renfroe, Hunter",Milwaukee,OF,"$7,650,000 ",,$0 ,$0 
"Hernandez, Kike",Boston,OF,"$7,624,090 ",2 (2021-22),"$14,000,000 ","$7,000,000 "
"Mancini, Trey",Baltimore,OF,"$7,500,000 ",,$0 ,$0 
"Peralta, David",Arizona,OF,"$7,500,000 ",5 (2018-22),"$22,000,000 ","$4,400,000 "
"Barnhart, Tucker",Detroit,C,"$7,500,000 ",,$0 ,$0 
"Schoop, Jonathan",Detroit,2B,"$7,500,000 ",,$0 ,$0 
"Loup, Aaron",L.A. Angels,LHP,"$7,500,000 ",2 (2022-23),"$17,000,000 ","$8,500,000 "
"Giolito, Lucas",Chic. White Sox,RHP,"$7,450,000 ",,$0 ,$0 
"Alonso, Pete",N.Y. Mets,1B,"$7,400,000 ",,$0 ,$0 
"Castillo, Luis",Cincinnati,RHP,"$7,350,000 ",,$0 ,$0 
"Jimenez, Eloy",Chic. White Sox,OF,"$7,333,333 ",6 (2019-24),"$43,000,000 ","$7,166,667 "
"Aguilar, Jesus",Miami,1B,"$7,300,000 ",,$0 ,$0 
"Benintendi, Andrew",Kansas City,OF,"$7,300,000 ",,$0 ,$0 
"Rogers, Taylor",San Diego,LHP,"$7,300,000 ",,$0 ,$0 
"Buehler, Walker",L.A. Dodgers,RHP,"$7,250,000 ",2 (2021-22),"$8,000,000 ","$4,000,000 "
"Piscotty, Stephen",Oakland,OF,"$7,250,000 ",6 (2017-22),"$33,500,000 ","$5,583,333 "
"Senzatela, Antonio",Colorado,RHP,"$7,250,000 ",5 (2022-26),"$50,500,000 ","$10,100,000 "
"Oberg, Scott",Colorado,RHP,"$7,000,000 ",3 (2020-22),"$13,000,000 ","$4,333,333 "
"Cron, C.J.",Colorado,1B,"$7,000,000 ",2 (2022-23),"$14,500,000 ","$7,250,000 "
"Kelly, Joe",Chic. White Sox,RHP,"$7,000,000 ",2 (2022-23),"$17,000,000 ","$8,500,000 "
"Vazquez, Christian",Boston,C,"$7,000,000 ",,$0 ,$0 
"Wacha, Michael",Boston,RHP,"$7,000,000 ",,$0 ,$0 
"Nimmo, Brandon",N.Y. Mets,OF,"$7,000,000 ",,$0 ,$0 
"Tepera, Ryan",L.A. Angels,RHP,"$7,000,000 ",2 (2022-23),"$14,000,000 ","$7,000,000 "
"Gibson, Kyle",Philadelphia,RHP,"$7,000,000 ",3 (2020-22),"$28,000,000 ","$9,333,333 "
"Zunino, Mike",Tampa Bay,C,"$7,000,000 ",,$0 ,$0 
"Happ, Ian",Chi. Cubs,OF,"$6,850,000 ",,$0 ,$0 
"Woodruff, Brandon",Milwaukee,RHP,"$6,800,000 ",,$0 ,$0 
"Kepler, Max",Minnesota,OF,"$6,750,000 ",5 (2019-23),"$35,000,000 ","$7,000,000 "
"Lorenzen, Michael",L.A. Angels,RHP,"$6,750,000 ",,$0 ,$0 
"Frazier, Adam",Seattle,2B,"$6,700,000 ",,$0 ,$0 
"Fried, Max",Atlanta,LHP,"$6,600,000 ",,$0 ,$0 
"Urshela, Giovanny",Minnesota,3B,"$6,550,000 ",,$0 ,$0 
"Burnes, Corbin",Milwaukee,RHP,"$6,500,000 ",,$0 ,$0 
"Chafin, Andrew",Detroit,LHP,"$6,500,000 ",2 (2022-23),"$13,000,000 ","$6,500,000 "
"Profar, Jurickson",San Diego,OF,"$6,500,000 ",3 (2021-23),"$21,000,000 ","$7,000,000 "
"Freeland, Kyle",Colorado,LHP,"$6,425,000 ",,$0 ,$0 
"Torres, Gleyber",N.Y. Yankees,SS,"$6,250,000 ",,$0 ,$0 
"DeJong, Paul",St. Louis,SS,"$6,166,667 ",6 (2018-23),"$26,000,000 ","$4,333,333 "
"Miller, Brad",Texas,1B,"$6,000,000 ",2 (2022-23),"$10,000,000 ","$5,000,000 "
"Kim, Ha-Seong",San Diego,SS,"$6,000,000 ",4 (2021-24),"$28,000,000 ","$7,000,000 "
"Martinez, Nick",San Diego,RHP,"$6,000,000 ",4 (2022-25),"$20,000,000 ","$5,000,000 "
"Suarez, Robert",San Diego,RHP,"$6,000,000 ",,$0 ,$0 
"Pederson, Joc",San Francisco,OF,"$6,000,000 ",,$0 ,$0 
"Familia, Jeurys",Philadelphia,RHP,"$6,000,000 ",,$0 ,$0 
"Hand, Brad",Philadelphia,LHP,"$6,000,000 ",,$0 ,$0 
"Montgomery, Jordan",N.Y. Yankees,LHP,"$6,000,000 ",,$0 ,$0 
"Hudson, Daniel",L.A. Dodgers,RHP,"$6,000,000 ",,$0 ,$0 
"Bieber, Shane",Cleveland,RHP,"$6,000,000 ",,$0 ,$0 
"Robert, Luis",Chic. White Sox,OF,"$6,000,000 ",6 (2020-25),"$50,000,000 ","$8,333,333 "
"Pham, Tommy",Cincinnati,OF,"$6,000,000 ",,$0 ,$0 
"Melancon, Mark",Arizona,RHP,"$6,000,000 ",2 (2022-23),"$14,000,000 ","$7,000,000 "
"Gomes, Yan",Chi. Cubs,C,"$6,000,000 ",2 (2022-23),"$13,000,000 ","$6,500,000 "
"Paxton, James",Boston,LHP,"$6,000,000 ",,$0 ,$0 
"Lyles, Jordan",Baltimore,RHP,"$6,000,000 ",,$0 ,$0 
"Candelario, Jeimer",Detroit,3B,"$5,800,000 ",,$0 ,$0 
"Taillon, Jameson",N.Y. Yankees,RHP,"$5,800,000 ",,$0 ,$0 
"Baez, Pedro",Houston,RHP,"$5,750,000 ",,$0 ,$0 
"Tatis Jr., Fernando",San Diego,SS,"$5,714,286 ",14 (2021-34),"$340,000,000 ","$24,285,714 "
"Gonzales, Marco",Seattle,LHP,"$5,700,000 ",4 (2021-24),"$30,000,000 ","$7,500,000 "
"Margot, Manuel",Tampa Bay,OF,"$5,600,000 ",,$0 ,$0 
"Ohtani, Shohei",L.A. Angels,RHP/OF,"$5,500,000 ",2 (2021-22),"$8,500,000 ","$4,250,000 "
"Garcia, Leury",Chic. White Sox,OF,"$5,500,000 ",3 (2022-24),"$16,500,000 ","$5,500,000 "
"Voit, Luke",San Diego,DH,"$5,450,000 ",,$0 ,$0 
"Winker, Jesse",Seattle,OF,"$5,400,000 ",,$0 ,$0 
"Giles, Ken",Seattle,RHP,"$5,250,000 ",2 (2021-22),"$7,000,000 ","$3,500,000 "
"Leclerc, Jose",Texas,RHP,"$5,250,000 ",4 (2019-22),"$14,750,000 ","$3,687,500 "
"La Stella, Tommy",San Francisco,2B,"$5,250,000 ",3 (2021-23),"$18,750,000 ","$6,250,000 "
"Kelly, Merrill",Arizona,RHP,"$5,250,000 ",,$0 ,$0 
"Mahle, Tyler",Cincinnati,RHP,"$5,200,000 ",,$0 ,$0 
"Boyd, Matt",San Francisco,LHP,"$5,200,000 ",,$0 ,$0 
"Calhoun, Kole",Texas,OF,"$5,200,000 ",,$0 ,$0 
"Bader, Harrison",St. Louis,OF,"$5,200,000 ",2 (2022-23),"$10,400,000 ","$5,200,000 "
"Eflin, Zach",Philadelphia,RHP,"$5,150,000 ",,$0 ,$0 
"Glasnow, Tyler",Tampa Bay,RHP,"$5,100,000 ",,$0 ,$0 
"Montas, Franky",Oakland,RHP,"$5,025,000 ",,$0 ,$0 
"Polanco, Jorge",Minnesota,2B,"$5,000,000 ",5 (2019-23),"$25,750,000 ","$5,150,000 "
"Narvaez, Omar",Milwaukee,C,"$5,000,000 ",,$0 ,$0 
"Rojas, Miguel",Miami,SS,"$5,000,000 ",2 (2022-23),"$10,000,000 ","$5,000,000 "
"Maldonado, Martin",Houston,C,"$5,000,000 ",,$0 ,$0 
"Grossman, Robbie",Detroit,OF,"$5,000,000 ",2 (2021-22),"$10,000,000 ","$5,000,000 "
"McMahon, Ryan",Colorado,3B,"$5,000,000 ",5 (2019-23),"$43,000,000 ","$8,600,000 "
"Iglesias, Jose",Colorado,SS,"$5,000,000 ",,$0 ,$0 
"Albies, Ozzie",Atlanta,2B,"$5,000,000 ",7 (2019-25),"$35,000,000 ","$5,000,000 "
"Hill, Richard",Boston,LHP,"$5,000,000 ",,$0 ,$0 
"Dickerson, Corey",St. Louis,OF,"$5,000,000 ",,$0 ,$0 
"Flaherty, Jack",St. Louis,RHP,"$5,000,000 ",,$0 ,$0 
"Perez, Roberto",Pittsburgh,C,"$5,000,000 ",,$0 ,$0 
"Rosario, Amed",Cleveland,SS,"$4,950,000 ",,$0 ,$0 
"Fulmer, Michael",Detroit,RHP,"$4,950,000 ",,$0 ,$0 
"Gurriel Jr., Lourdes",Toronto,OF,"$4,928,571 ",7 (2017-23),"$22,000,000 ","$3,142,857 "
"Crawford, J.P.",Seattle,SS,"$4,850,000 ",,$0 ,$0 
"Keller, Brad",Kansas City,RHP,"$4,825,000 ",,$0 ,$0 
"Lamet, Dinelson",San Diego,RHP,"$4,775,000 ",,$0 ,$0 
"Dozier, Hunter",Kansas City,3B,"$4,750,000 ",4 (2021-24),"$25,000,000 ","$6,250,000 "
"Castro, Jason",Houston,C,"$4,750,000 ",2 (2021-22),"$7,000,000 ","$3,500,000 "
"Kiner-Falefa, Isiah",N.Y. Yankees,SS,"$4,700,000 ",,$0 ,$0 
"Adames, Willy",Milwaukee,SS,"$4,600,000 ",,$0 ,$0 
"Reyes, Franmil",Cleveland,DH,"$4,550,000 ",,$0 ,$0 
"Solano, Donovan",Cincinnati,2B,"$4,500,000 ",,$0 ,$0 
"Villar, Jonathan",Chi. Cubs,3B,"$4,500,000 ",,$0 ,$0 
"Kennedy, Ian",Arizona,RHP,"$4,500,000 ",,$0 ,$0 
"Taylor, Michael",Kansas City,OF,"$4,500,000 ",2 (2022-23),"$9,000,000 ","$4,500,000 "
"Richards, Garrett",Texas,RHP,"$4,500,000 ",,$0 ,$0 
"Garcia, Yimi",Toronto,RHP,"$4,500,000 ",2 (2022-23),"$11,000,000 ","$5,500,000 "
"Anderson, Brian",Miami,3B,"$4,475,000 ",,$0 ,$0 
"Diaz, Aledmys",Houston,1B,"$4,450,000 ",,$0 ,$0 
"Bard, Daniel",Colorado,RHP,"$4,400,000 ",,$0 ,$0 
"Wendle, Joey",Miami,2B,"$4,350,000 ",,$0 ,$0 
"Smyly, Drew",Chi. Cubs,LHP,"$4,250,000 ",,$0 ,$0 
"Raley, Brooks",Tampa Bay,LHP,"$4,250,000 ",2 (2022-23),"$10,000,000 ","$5,000,000 "
"Reynolds, Bryan",Pittsburgh,OF,"$4,250,000 ",,$0 ,$0 
"Colome, Alexander",Colorado,RHP,"$4,150,000 ",,$0 ,$0 
"Naquin, Tyler",Cincinnati,OF,"$4,025,000 ",,$0 ,$0 
"Harrison, Josh",Chic. White Sox,2B,"$4,000,000 ",,$0 ,$0 
"Hedges, Austin",Cleveland,C,"$4,000,000 ",,$0 ,$0 
"Simmons, Andrelton",Chi. Cubs,SS,"$4,000,000 ",,$0 ,$0 
"McHugh, Collin",Atlanta,RHP,"$4,000,000 ",2 (2022-23),"$10,000,000 ","$5,000,000 "
"Ottavino, Adam",N.Y. Mets,RHP,"$4,000,000 ",,$0 ,$0 
"Green, Chad",N.Y. Yankees,RHP,"$4,000,000 ",,$0 ,$0 
"Bundy, Dylan",Minnesota,RHP,"$4,000,000 ",,$0 ,$0 
"Meadows, Austin",Detroit,OF,"$4,000,000 ",,$0 ,$0 
"Fletcher, David",L.A. Angels,SS,"$4,000,000 ",5 (2021-25),"$26,000,000 ","$5,200,000 "
"Tsutsugo, Yoshitomo",Pittsburgh,1B,"$4,000,000 ",,$0 ,$0 
"Stammen, Craig",San Diego,RHP,"$4,000,000 ",2 (2021-22),"$9,000,000 ","$4,500,000 "
"Lowe, Brandon",Tampa Bay,2B,"$4,000,000 ",6 (2019-24),"$24,000,000 ","$4,000,000 "
"Perez, Martin",Texas,LHP,"$4,000,000 ",,$0 ,$0 
"Hernandez, Cesar",Washington,2B,"$4,000,000 ",,$0 ,$0 
"Tapia, Raimel",Toronto,OF,"$3,950,000 ",,$0 ,$0 
"Smith, Dominic",N.Y. Mets,OF,"$3,950,000 ",,$0 ,$0 
"Riley, Austin",Atlanta,3B,"$3,950,000 ",,$0 ,$0 
"Williams, Trevor",N.Y. Mets,RHP,"$3,900,000 ",,$0 ,$0 
"Yarbrough, Ryan",Tampa Bay,LHP,"$3,850,000 ",,$0 ,$0 
"Alcantara, Sandy",Miami,RHP,"$3,800,000 ",5 (2022-26),"$56,000,000 ","$11,200,000 "
"Duffey, Tyler",Minnesota,RHP,"$3,800,000 ",,$0 ,$0 
"Stripling, Ross",Toronto,OF,"$3,790,000 ",,$0 ,$0 
"Bradley, Archie",L.A. Angels,RHP,"$3,750,000 ",,$0 ,$0 
"Kahnle, Tommy",L.A. Dodgers,RHP,"$3,725,000 ",2 (2021-22),"$4,750,000 ","$2,375,000 "
"Yastrzemski, Mike",San Francisco,OF,"$3,700,000 ",,$0 ,$0 
"Jackson, Luke",Atlanta,RHP,"$3,600,000 ",,$0 ,$0 
"Verdugo, Alex",Boston,OF,"$3,550,000 ",,$0 ,$0 
"Diekman, Jake",Boston,LHP,"$3,500,000 ",2 (2022-23),"$8,000,000 ","$4,000,000 "
"Givens, Mychal",Chi. Cubs,RHP,"$3,500,000 ",,$0 ,$0 
"Robertson, David",Chi. Cubs,RHP,"$3,500,000 ",,$0 ,$0 
"Pina, Manny",Atlanta,C,"$3,500,000 ",2 (2022-23),"$8,000,000 ","$4,000,000 "
"Flores, Wilmer",San Francisco,INF,"$3,500,000 ",,$0 ,$0 
"O'Neill, Tyler",St. Louis,OF,"$3,400,000 ",,$0 ,$0 
"Garver, Mitch",Texas,C,"$3,335,000 ",,$0 ,$0 
"Kelly, Carson",Arizona,C,"$3,325,000 ",,$0 ,$0 
"Merrifield, Whit",Kansas City,OF,"$3,250,000 ",4 (2019-22),"$16,250,000 ","$4,062,500 "
"Garcia, Luis",San Diego,RHP,"$3,250,000 ",2 (2022-23),"$7,000,000 ","$3,500,000 "
"Choi, Ji-Man",Tampa Bay,1B,"$3,200,000 ",,$0 ,$0 
"Farmer, Kyle",Cincinnati,2B,"$3,155,000 ",,$0 ,$0 
"Santander, Anthony",Baltimore,OF,"$3,150,000 ",,$0 ,$0 
"Steckenrider, Drew",Seattle,RHP,"$3,100,000 ",,$0 ,$0 
"Flexen, Chris",Seattle,RHP,"$3,050,000 ",2 (2021-22),"$4,750,000 ","$2,375,000 "
"Estevez, Carlos",Colorado,RHP,"$3,025,000 ",,$0 ,$0 
"Diaz, Elias",Colorado,C,"$3,000,000 ",3 (2022-24),"$14,500,000 ","$4,833,333 "
"Kuhl, Chad",Colorado,RHP,"$3,000,000 ",,$0 ,$0 
"Velasquez, Vincent",Chic. White Sox,RHP,"$3,000,000 ",,$0 ,$0 
"Strahm, Matt",Boston,LHP,"$3,000,000 ",,$0 ,$0 
"Mondesi, Adalberto",Kansas City,SS,"$3,000,000 ",,$0 ,$0 
"Valdez, Framber",Houston,LHP,"$3,000,000 ",,$0 ,$0 
"Duffy, Danny",L.A. Dodgers,LHP,"$3,000,000 ",,$0 ,$0 
"Stassi, Max",L.A. Angels,C,"$3,000,000 ",3 (2022-24),"$17,500,000 ","$5,833,333 "
"Maeda, Kenta",Minnesota,RHP,"$3,000,000 ",8 (2016-23),"$25,000,000 ","$3,125,000 "
"Trivino, Lou",Oakland,RHP,"$3,000,000 ",,$0 ,$0 
"Bass, Anthony",Miami,RHP,"$3,000,000 ",2 (2021-22),"$5,000,000 ","$2,500,000 "
"Floro, Dylan",Miami,RHP,"$3,000,000 ",,$0 ,$0 
"McNeil, Jeff",N.Y. Mets,OF,"$3,000,000 ",,$0 ,$0 
"Johnson, Pierce",San Diego,RHP,"$3,000,000 ",,$0 ,$0 
"Ruf, Darin",San Francisco,OF,"$3,000,000 ",2 (2022-23),"$6,250,000 ","$3,125,000 "
"Lugo, Seth",N.Y. Mets,RHP,"$2,925,000 ",,$0 ,$0 
"Weaver, Luke",Arizona,RHP,"$2,875,000 ",,$0 ,$0 
"Reyes, Alex",St. Louis,RHP,"$2,850,000 ",,$0 ,$0 
"Diaz, Yandy",Tampa Bay,3B,"$2,800,000 ",,$0 ,$0 
"Soroka, Michael",Atlanta,RHP,"$2,800,000 ",,$0 ,$0 
"Davis, J.D.",N.Y. Mets,OF,"$2,760,000 ",,$0 ,$0 
"Archer, Chris",Minnesota,RHP,"$2,750,000 ",,$0 ,$0 
"Barnes, Austin",L.A. Dodgers,C,"$2,750,000 ",2 (2021-22),"$4,300,000 ","$2,150,000 "
"Montero, Rafael",Houston,RHP,"$2,725,000 ",,$0 ,$0 
"Pinder, Chad",Oakland,OF,"$2,725,000 ",,$0 ,$0 
"Alfaro, Jorge",San Diego,C,"$2,725,000 ",,$0 ,$0 
"Stratton, Chris",Pittsburgh,RHP,"$2,700,000 ",,$0 ,$0 
"Suter, Brent",Milwaukee,LHP,"$2,700,000 ",,$0 ,$0 
"Means, John",Baltimore,LHP,"$2,700,000 ",,$0 ,$0 
"Pivetta, Nick",Boston,RHP,"$2,650,000 ",,$0 ,$0 
"Lopez, Reynaldo",Chic. White Sox,RHP,"$2,625,000 ",,$0 ,$0 
"Castro, Miguel",N.Y. Yankees,RHP,"$2,620,000 ",,$0 ,$0 
"Walker, Christian",Arizona,1B,"$2,600,000 ",,$0 ,$0 
"Casali, Curt",San Francisco,C,"$2,600,000 ",,$0 ,$0 
"Urias, Luis",Milwaukee,SS,"$2,550,000 ",,$0 ,$0 
"Lopez, Nicky",Kansas City,2B,"$2,550,000 ",,$0 ,$0 
"Bote, David",Chi. Cubs,3B,"$2,510,000 ",5 (2020-24),"$15,000,000 ","$3,000,000 "
"Quantrill, Cal",Cleveland,RHP,"$2,510,000 ",,$0 ,$0 
"Shaw, Bryan",Cleveland,RHP,"$2,500,000 ",,$0 ,$0 
"Bummer, Aaron",Chic. White Sox,LHP,"$2,500,000 ",5 (2020-24),"$16,000,000 ","$3,200,000 "
"Martin, Christopher",Chi. Cubs,RHP,"$2,500,000 ",,$0 ,$0 
"Cooper, Garrett",Miami,1B,"$2,500,000 ",,$0 ,$0 
"Rodriguez, Joely",N.Y. Mets,LHP,"$2,500,000 ",,$0 ,$0 
"Smith, Joe",Minnesota,RHP,"$2,500,000 ",,$0 ,$0 
"McGee, Jake",San Francisco,LHP,"$2,500,000 ",2 (2021-22),"$5,000,000 ","$2,500,000 "
"Herrera, Odubel",Philadelphia,OF,"$2,500,000 ",,$0 ,$0 
"VerHagen, Drew",St. Louis,RHP,"$2,500,000 ",2 (2022-23),"$5,500,000 ","$2,750,000 "
"McFarland, TJ",St. Louis,LHP,"$2,500,000 ",,$0 ,$0 
"Pujols, Albert",St. Louis,DH,"$2,500,000 ",,$0 ,$0 
"Peralta, Freddy",Milwaukee,RHP,"$2,484,960 ",5 (2020-24),"$15,500,000 ","$3,100,000 "
"Lopez, Pablo",Miami,RHP,"$2,450,000 ",,$0 ,$0 
"Stallings, Jacob",Miami,C,"$2,450,000 ",,$0 ,$0 
"Houser, Adrian",Milwaukee,RHP,"$2,425,000 ",,$0 ,$0 
"Lauer, Eric",Milwaukee,LHP,"$2,425,000 ",,$0 ,$0 
"Gallegos, Giovanny",St. Louis,RHP,"$2,410,000 ",,$0 ,$0 
"Ross, Joe",Washington,RHP,"$2,400,000 ",,$0 ,$0 
"Barlow, Scott",Kansas City,RHP,"$2,400,000 ",,$0 ,$0 
"Pagan, Emilio",Minnesota,RHP,"$2,300,000 ",,$0 ,$0 
"Wilson, Justin",Cincinnati,LHP,"$2,300,000 ",,$0 ,$0 
"Plawecki, Kevin",Boston,C,"$2,250,000 ",,$0 ,$0 
"Robles, Hansel",Boston,RHP,"$2,250,000 ",,$0 ,$0 
"Paddack, Chris",Minnesota,RHP,"$2,250,000 ",,$0 ,$0 
"Bleier, Richard",Miami,LHP,"$2,250,000 ",2 (2022-23),"$6,000,000 ","$3,000,000 "
"Leone, Dominic",San Francisco,RHP,"$2,250,000 ",,$0 ,$0 
"Kemp, Anthony",Oakland,2B,"$2,225,000 ",,$0 ,$0 
"Minter, A.J.",Atlanta,LHP,"$2,200,000 ",,$0 ,$0 
"Wisler, Matt",Tampa Bay,RHP,"$2,160,000 ",,$0 ,$0 
"Castillo, Diego",Seattle,RHP,"$2,150,000 ",,$0 ,$0 
"Fedde, Erick",Washington,RHP,"$2,150,000 ",,$0 ,$0 
"Peralta, Wandy",N.Y. Yankees,LHP,"$2,150,000 ",,$0 ,$0 
"Mayers, Mike",L.A. Angels,RHP,"$2,150,000 ",,$0 ,$0 
"Hembree, Heath",Pittsburgh,RHP,"$2,125,000 ",,$0 ,$0 
"Biggio, Cavan",Toronto,2B,"$2,112,500 ",,$0 ,$0 
"Holland, Greg",Texas,RHP,"$2,100,000 ",,$0 ,$0 
"Goodrum, Niko",Houston,SS,"$2,100,000 ",,$0 ,$0 
"Stanek, Ryne",Houston,RHP,"$2,100,000 ",,$0 ,$0 
"Garrett, Amir",Kansas City,LHP,"$2,025,000 ",,$0 ,$0 
"Caratini, Victor",Milwaukee,C,"$2,000,000 ",,$0 ,$0 
"Smith, Caleb",Arizona,LHP,"$2,000,000 ",,$0 ,$0 
"Engel, Adam",Chic. White Sox,OF,"$2,000,000 ",,$0 ,$0 
"Plesac, Zach",Cleveland,RHP,"$2,000,000 ",,$0 ,$0 
"Sanchez, Anibal",Washington,RHP,"$2,000,000 ",,$0 ,$0 
"Romo, Sergio",Seattle,RHP,"$2,000,000 ",,$0 ,$0 
"Quintana, Jose",Pittsburgh,LHP,"$2,000,000 ",,$0 ,$0 
"Newman, Kevin",Pittsburgh,SS,"$1,950,000 ",,$0 ,$0 
"Jansen, Danny",Toronto,C,"$1,950,000 ",,$0 ,$0 
"Tellez, Rowdy",Milwaukee,1B,"$1,940,000 ",,$0 ,$0 
"Cisnero, Jose",Detroit,RHP,"$1,900,000 ",,$0 ,$0 
"Alvarado, Jose",Philadelphia,LHP,"$1,900,000 ",,$0 ,$0 
"Hampson, Garrett",Colorado,2B,"$1,862,500 ",,$0 ,$0 
"Arraez, Luis",Minnesota,2B,"$1,850,000 ",,$0 ,$0 
"Slater, Austin",San Francisco,OF,"$1,850,000 ",,$0 ,$0 
"Kittredge, Andrew",Tampa Bay,RHP,"$1,850,000 ",,$0 ,$0 
"Peterson, Jace",Milwaukee,OF,"$1,825,000 ",,$0 ,$0 
"Strickland, Hunter",Cincinnati,RHP,"$1,825,000 ",,$0 ,$0 
"Cessa, Luis",Cincinnati,RHP,"$1,800,000 ",,$0 ,$0 
"Gamel, Ben",Pittsburgh,OF,"$1,800,000 ",,$0 ,$0 
"Jimenez, Joe",Detroit,RHP,"$1,790,000 ",,$0 ,$0 
"Suzuki, Kurt",L.A. Angels,C,"$1,750,000 ",,$0 ,$0 
"Boxberger, Bradley",Milwaukee,RHP,"$1,750,000 ",,$0 ,$0 
"German, Domingo",N.Y. Yankees,RHP,"$1,750,000 ",,$0 ,$0 
"Norris, Daniel",Chi. Cubs,LHP,"$1,750,000 ",,$0 ,$0 
"Cishek, Steven",Washington,RHP,"$1,750,000 ",,$0 ,$0 
"Culberson, Charlie",Texas,INF,"$1,750,000 ",,$0 ,$0 
"Phelps, David",Toronto,RHP,"$1,750,000 ",,$0 ,$0 
"Sewald, Paul",Seattle,RHP,"$1,735,000 ",,$0 ,$0 
"Garcia, Jarlin",San Francisco,LHP,"$1,725,000 ",,$0 ,$0 
"Robles, Victor",Washington,OF,"$1,650,000 ",,$0 ,$0 
"Loaisiga, Jonathan",N.Y. Yankees,RHP,"$1,650,000 ",,$0 ,$0 
"Alberto, Hanser",L.A. Dodgers,3B,"$1,600,000 ",,$0 ,$0 
"Sawamura, Hirokazu",Boston,RHP,"$1,600,000 ",2 (2021-22),"$3,000,000 ","$1,500,000 "
"Arcia, Orlando",Atlanta,3B,"$1,600,000 ",2 (2022-23),"$3,000,000 ","$1,500,000 "
"Murphy, Tom",Seattle,C,"$1,575,000 ",,$0 ,$0 
"Cimber, Adam",Toronto,RHP,"$1,575,000 ",,$0 ,$0 
"Maton, Phil",Houston,RHP,"$1,550,000 ",,$0 ,$0 
"Turnbull, Spencer",Detroit,RHP,"$1,500,000 ",,$0 ,$0 
"Duffy, Matt",L.A. Angels,INF,"$1,500,000 ",,$0 ,$0 
"Shreve, Chasen",N.Y. Mets,RHP,"$1,500,000 ",,$0 ,$0 
"Jackson, Jay",Atlanta,RHP,"$1,500,000 ",,$0 ,$0 
"Davies, Zachary",Arizona,RHP,"$1,500,000 ",,$0 ,$0 
"Shaw, Travis",Boston,3B,"$1,500,000 ",,$0 ,$0 
"Lopez, Jorge",Baltimore,RHP,"$1,500,000 ",,$0 ,$0 
"Frazier, Clint",Chi. Cubs,OF,"$1,500,000 ",,$0 ,$0 
"Adrianza, Ehire",Washington,OF,"$1,500,000 ",,$0 ,$0 
"Doolittle, Sean",Washington,LHP,"$1,500,000 ",,$0 ,$0 
"Alvarez, Jose",San Francisco,LHP,"$1,500,000 ",,$0 ,$0 
"Mejia, Francisco",Tampa Bay,C,"$1,455,000 ",,$0 ,$0 
"Franco, Wander",Tampa Bay,SS,"$1,454,545 ",11 (2022-32),"$182,000,000 ","$16,545,455 "
"Phillips, Brett",Tampa Bay,OF,"$1,400,000 ",,$0 ,$0 
"White, Evan",Seattle,1B,"$1,400,000 ",6 (2020-25),"$24,000,000 ","$4,000,000 "
"Brooks, Aaron",St. Louis,RHP,"$1,400,000 ",,$0 ,$0 
"Camargo, Johan",Philadelphia,3B,"$1,400,000 ",,$0 ,$0 
"Brasier, Ryan",Boston,RHP,"$1,400,000 ",,$0 ,$0 
"Luplow, Jordan",Arizona,OF,"$1,400,000 ",,$0 ,$0 
"Matzek, Tyler",Atlanta,LHP,"$1,400,000 ",,$0 ,$0 
"Reyes, Victor",Detroit,OF,"$1,400,000 ",,$0 ,$0 
"Jankowski, Travis",N.Y. Mets,OF,"$1,350,000 ",,$0 ,$0 
"Moore, Dylan",Seattle,INF,"$1,350,000 ",,$0 ,$0 
"Hill, Tim",San Diego,LHP,"$1,325,000 ",,$0 ,$0 
"Hernandez, Elieser",Miami,RHP,"$1,325,000 ",,$0 ,$0 
"Thielbar, Caleb",Minnesota,LHP,"$1,300,000 ",,$0 ,$0 
"O'Hearn, Ryan",Kansas City,1B,"$1,300,000 ",,$0 ,$0 
"Marisnick, Jake",Pittsburgh,OF,"$1,300,000 ",,$0 ,$0 
"Calhoun, Willie",Texas,OF,"$1,300,000 ",,$0 ,$0 
"Zimmer, Bradley",Toronto,OF,"$1,300,000 ",,$0 ,$0 
"Stephenson, Robert",Colorado,RHP,"$1,280,000 ",,$0 ,$0 
"Castro, Harold",Detroit,2B,"$1,275,000 ",,$0 ,$0 
"Urena, Jose",Milwaukee,RHP,"$1,250,000 ",,$0 ,$0 
"Chacin, Jhoulys",Colorado,RHP,"$1,250,000 ",,$0 ,$0 
"Senzel, Nick",Cincinnati,OF,"$1,250,000 ",,$0 ,$0 
"Crick, Kyle",Chic. White Sox,RHP,"$1,250,000 ",,$0 ,$0 
"Ramirez, Noe",Arizona,RHP,"$1,250,000 ",,$0 ,$0 
"Chavez, Jesse",Chi. Cubs,RHP,"$1,250,000 ",,$0 ,$0 
"Mayza, Tim",Toronto,LHP,"$1,250,000 ",,$0 ,$0 
"Franco, Maikel",Washington,3B,"$1,250,000 ",,$0 ,$0 
"Wittgren, Nick",St. Louis,RHP,"$1,200,000 ",,$0 ,$0 
"Torrens, Luis",Seattle,OF,"$1,200,000 ",,$0 ,$0 
"Arroyo, Christian",Boston,3B,"$1,200,000 ",,$0 ,$0 
"Sims, Luke",Cincinnati,RHP,"$1,200,000 ",,$0 ,$0 
"Naylor, Josh",Cleveland,OF,"$1,200,000 ",,$0 ,$0 
"Berti, Jon",Miami,SS,"$1,200,000 ",,$0 ,$0 
"Garneau, Dustin",Detroit,C,"$1,175,000 ",,$0 ,$0 
"Chirinos, Yonny",Tampa Bay,RHP,"$1,175,000 ",,$0 ,$0 
"Lucchesi, Joey",N.Y. Mets,LHP,"$1,150,000 ",,$0 ,$0 
"Barnes, Jacob",Detroit,RHP,"$1,130,000 ",,$0 ,$0 
"Gonzalez, Marwin",N.Y. Yankees,2B,"$1,100,000 ",,$0 ,$0 
"Holmes, Clay",N.Y. Yankees,RHP,"$1,100,000 ",,$0 ,$0 
"Scott, Tanner",Miami,LHP,"$1,050,000 ",,$0 ,$0 
"Hudson, Dakota",St. Louis,RHP,"$1,050,000 ",,$0 ,$0 
"Hearn, Taylor",Texas,LHP,"$1,050,000 ",,$0 ,$0 
"Martin, Brett",Texas,LHP,"$1,025,000 ",,$0 ,$0 
"Sadler, Casey",Seattle,RHP,"$1,025,000 ",,$0 ,$0 
"Kinley, Tyler",Colorado,RHP,"$1,025,000 ",,$0 ,$0 
"Taylor, Josh",Boston,LHP,"$1,025,000 ",,$0 ,$0 
"Owings, Chris",Baltimore,OF,"$1,000,000 ",,$0 ,$0 
"Yates, Kirby",Atlanta,RHP,"$1,000,000 ",2 (2022-23),"$8,250,000 ","$4,125,000 "
"Dickerson, Alex",Atlanta,OF,"$1,000,000 ",,$0 ,$0 
"Heredia, Guillermo",Atlanta,OF,"$1,000,000 ",,$0 ,$0 
"O'Day, Darren",Atlanta,RHP,"$1,000,000 ",,$0 ,$0 
"Moran, Colin",Cincinnati,1B,"$1,000,000 ",,$0 ,$0 
"Armstrong, Shawn",Miami,RHP,"$1,000,000 ",,$0 ,$0 
"Escobar, Alcides",Washington,SS,"$1,000,000 ",,$0 ,$0 
"Richards, Trevor",Toronto,RHP,"$1,000,000 ",,$0 ,$0 
"Coulombe, Daniel",Minnesota,LHP,"$979,500 ",,$0 ,$0 
"Clarke, Taylor",Kansas City,RHP,"$975,000 ",,$0 ,$0 
"Springs, Jeffrey",Tampa Bay,LHP,"$947,500 ",,$0 ,$0 
"Munoz, Andres",Seattle,RHP,"$937,500 ",4 (2022-25),"$7,500,000 ","$1,875,000 "
"Hicks, Jordan",St. Louis,RHP,"$937,500 ",,$0 ,$0 
"Higashioka, Kyle",N.Y. Yankees,C,"$935,000 ",,$0 ,$0 
"Hoffman, Jeff",Cincinnati,RHP,"$925,000 ",,$0 ,$0 
"Adams, Austin",San Diego,RHP,"$925,000 ",,$0 ,$0 
"Luetge, Lucas",N.Y. Yankees,LHP,"$905,000 ",,$0 ,$0 
"Drury, Brandon",Cincinnati,3B,"$900,000 ",,$0 ,$0 
"Maile, Luke",Cleveland,C,"$900,000 ",,$0 ,$0 
"Newcomb, Sean",Atlanta,LHP,"$900,000 ",,$0 ,$0 
"Thornburg, Tyler",Atlanta,RHP,"$900,000 ",,$0 ,$0 
"Chirinos, Robinson",Baltimore,C,"$900,000 ",,$0 ,$0 
"Arono, Victor",Washington,RHP,"$900,000 ",,$0 ,$0 
"Adam, Jason",Tampa Bay,RHP,"$900,000 ",,$0 ,$0 
"Nido, Tomas",N.Y. Mets,C,"$890,000 ",,$0 ,$0 
"Gallagher, Cam",Kansas City,C,"$885,000 ",,$0 ,$0 
"Guillorme, Luis",N.Y. Mets,SS,"$875,000 ",,$0 ,$0 
"Voth, Austin",Washington,RHP,"$875,000 ",,$0 ,$0 
"Rainey, Tanner",Washington,RHP,"$860,000 ",,$0 ,$0 
"Thornton, Trent",Toronto,RHP,"$850,000 ",,$0 ,$0 
"Lowrie, Jed",Oakland,2B,"$850,000 ",,$0 ,$0 
"Vogt, Stephen",Oakland,C,"$850,000 ",,$0 ,$0 
"Fry, Paul",Baltimore,LHP,"$850,000 ",,$0 ,$0 
"Perez, Oliver",Arizona,LHP,"$850,000 ",,$0 ,$0 
"Farmer, Buck",Cincinnati,RHP,"$850,000 ",,$0 ,$0 
"Anderson, Nick",Tampa Bay,RHP,"$845,000 ",,$0 ,$0 
"Brebbia, John",San Francisco,RHP,"$837,500 ",,$0 ,$0 
"Wendelken, Jeffrey",Arizona,RHP,"$830,000 ",,$0 ,$0 
"Wade, Tyler",L.A. Angels,2B,"$825,000 ",,$0 ,$0 
"Bush, Matt",Texas,RHP,"$825,000 ",,$0 ,$0 
"Borucki, Ryan",Toronto,LHP,"$825,000 ",,$0 ,$0 
"Guerra, Deolis",Oakland,RHP,"$815,000 ",,$0 ,$0 
"McKinney, Billy",Oakland,OF,"$800,000 ",,$0 ,$0 
"Grimm, Justin",Oakland,RHP,"$800,000 ",,$0 ,$0 
"Dobnak, Randy",Minnesota,RHP,"$800,000 ",5 (2021-25),"$9,250,000 ","$1,850,000 "
"Hutchison, Drew",Detroit,RHP,"$800,000 ",,$0 ,$0 
"Strange-Gordon, Dee",Washington,OF,"$800,000 ",,$0 ,$0 
"Allen, Greg",Pittsburgh,OF,"$800,000 ",,$0 ,$0 
"Vogelbach, Daniel",Pittsburgh,1B,"$800,000 ",,$0 ,$0 
"Knapp, Andrew",Pittsburgh,C,"$800,000 ",,$0 ,$0 
"Bemboom, Anthony",Baltimore,C,"$780,000 ",,$0 ,$0 
"Alvarez, Yordan",Houston,DH,"$764,600 ",,$0 ,$0 
"Tucker, Kyle",Houston,OF,"$764,200 ",,$0 ,$0 
"Ferguson, Caleb",L.A. Dodgers,LHP,"$762,500 ",,$0 ,$0 
"Lambert, Peter",Colorado,RHP,"$762,500 ",,$0 ,$0 
"Sheffield, Justus",Seattle,LHP,"$760,800 ",,$0 ,$0 
"India, Jonathan",Cincinnati,3B,"$760,000 ",,$0 ,$0 
"Lewis, Kyle",Seattle,OF,"$757,900 ",,$0 ,$0 
"Cronenworth, Jake",San Diego,2B,"$757,200 ",,$0 ,$0 
"Garcia, Luis",Houston,RHP,"$751,500 ",,$0 ,$0 
"Cotton, Jharel",Minnesota,RHP,"$750,000 ",,$0 ,$0 
"Smith, Drew",N.Y. Mets,RHP,"$750,000 ",,$0 ,$0 
"Cease, Dylan",Chic. White Sox,RHP,"$750,000 ",,$0 ,$0 
"Blach, Ty",Colorado,LHP,"$750,000 ",,$0 ,$0 
"Beeks, Jalen",Tampa Bay,LHP,"$750,000 ",,$0 ,$0 
"Javier, Cristian",Houston,RHP,"$749,100 ",,$0 ,$0 
"Hernandez, Jose",Houston,RHP,"$748,700 ",,$0 ,$0 
"Gallen, Zac",Arizona,RHP,"$745,600 ",,$0 ,$0 
"Mills, Alec",Chi. Cubs,RHP,"$741,250 ",,$0 ,$0 
"Ortega, Rafael",Chi. Cubs,OF,"$738,500 ",,$0 ,$0 
"France, Ty",Seattle,2B,"$734,500 ",,$0 ,$0 
"Heuer, Codi",Chi. Cubs,RHP,"$734,000 ",,$0 ,$0 
"Taylor, Blake",Houston,LHP,"$731,800 ",,$0 ,$0 
"Rojas, Joshua",Arizona,2B,"$730,900 ",,$0 ,$0 
"McCormick, Chas",Houston,OF,"$730,800 ",,$0 ,$0 
"Toro, Abraham",Seattle,INF,"$730,300 ",,$0 ,$0 
"Mazza, Chris",Tampa Bay,RHP,"$730,000 ",,$0 ,$0 
"Beaty, Matthew",San Diego,OF,"$730,000 ",,$0 ,$0 
"Beede, Tyler",San Francisco,RHP,"$730,000 ",,$0 ,$0 
"Duggar, Steven",San Francisco,OF,"$730,000 ",,$0 ,$0 
"Littell, Zack",San Francisco,RHP,"$730,000 ",,$0 ,$0 
"Rogers, Tyler",San Francisco,RHP,"$730,000 ",,$0 ,$0 
"Wade Jr., LaMonte",San Francisco,OF,"$730,000 ",,$0 ,$0 
"Webb, Logan",San Francisco,RHP,"$730,000 ",,$0 ,$0 
"Suarez, Ranger",Philadelphia,LHP,"$730,000 ",,$0 ,$0 
"Katoh, Gosuke",Toronto,2B,"$730,000 ",,$0 ,$0 
"May, Dustin",L.A. Dodgers,RHP,"$730,000 ",,$0 ,$0 
"Rios, Edwin",L.A. Dodgers,OF,"$730,000 ",,$0 ,$0 
"Smith, Will",L.A. Dodgers,C,"$730,000 ",,$0 ,$0 
"Barria, Jaime",L.A. Angels,RHP,"$730,000 ",,$0 ,$0 
"Canning, Griffin",L.A. Angels,RHP,"$730,000 ",,$0 ,$0 
"Walsh, Jared",L.A. Angels,INF,"$730,000 ",,$0 ,$0 
"Wisdom, Patrick",Chi. Cubs,1B,"$730,000 ",,$0 ,$0 
"Kopech, Michael",Chic. White Sox,RHP,"$730,000 ",,$0 ,$0 
"Grisham, Trent",San Diego,OF,"$729,300 ",,$0 ,$0 
"Romano, Jordan",Toronto,RHP,"$728,400 ",,$0 ,$0 
"Ramirez, Harold",Tampa Bay,OF,"$728,000 ",,$0 ,$0 
"Staumont, Josh",Kansas City,RHP,"$728,000 ",,$0 ,$0 
"Cortes, Nestor",N.Y. Yankees,LHP,"$727,500 ",,$0 ,$0 
"Dominguez, Seranthony",Philadelphia,RHP,"$727,500 ",,$0 ,$0 
"Nola, Austin",San Diego,C,"$726,900 ",,$0 ,$0 
"VanMeter, Josh",Pittsburgh,2B,"$726,800 ",,$0 ,$0 
"Singer, Brady",Kansas City,RHP,"$726,250 ",,$0 ,$0 
"Finnegan, Kyle",Washington,RHP,"$725,900 ",,$0 ,$0 
"Alford, Anthony",Pittsburgh,OF,"$725,000 ",,$0 ,$0 
"Banda, Anthony",Pittsburgh,LHP,"$725,000 ",,$0 ,$0 
"Brubaker, JT",Pittsburgh,RHP,"$725,000 ",,$0 ,$0 
"Chavis, Michael",Pittsburgh,2B,"$725,000 ",,$0 ,$0 
"Howard, Sam",Pittsburgh,LHP,"$725,000 ",,$0 ,$0 
"Keller, Mitch",Pittsburgh,RHP,"$725,000 ",,$0 ,$0 
"Underwood Jr., Duane",Pittsburgh,RHP,"$725,000 ",,$0 ,$0 
"Murphy, Sean",Oakland,C,"$725,000 ",,$0 ,$0 
"Gott, Trevor",Milwaukee,RHP,"$725,000 ",,$0 ,$0 
"Wick, Rowan",Chi. Cubs,RHP,"$724,000 ",,$0 ,$0 
"Thomas, Lane",Washington,OF,"$723,600 ",,$0 ,$0 
"Bichette, Bo",Toronto,SS,"$723,550 ",,$0 ,$0 
"Edman, Tommy",St. Louis,2B,"$722,900 ",,$0 ,$0 
"Smith, Pavin",Arizona,1B,"$722,900 ",,$0 ,$0 
"King, Michael",N.Y. Yankees,RHP,"$722,500 ",,$0 ,$0 
"Helsley, Ryan",St. Louis,RHP,"$722,450 ",,$0 ,$0 
"Soto, Gregory",Detroit,LHP,"$722,400 ",,$0 ,$0 
"McGuire, Reese",Chic. White Sox,C,"$722,400 ",,$0 ,$0 
"Rogers, Trevor",Miami,LHP,"$722,000 ",,$0 ,$0 
"Varsho, Daulton",Arizona,OF,"$721,700 ",,$0 ,$0 
"Crismatt, Nabil",San Diego,RHP,"$721,500 ",,$0 ,$0 
"Stashak, Cody",Minnesota,RHP,"$720,400 ",,$0 ,$0 
"Trevino, Jose",N.Y. Yankees,C,"$720,000 ",,$0 ,$0 
"Adell, Jordon",L.A. Angels,OF,"$720,000 ",,$0 ,$0 
"Herget, Jimmy",L.A. Angels,RHP,"$720,000 ",,$0 ,$0 
"Mayfield, Jack",L.A. Angels,INF,"$720,000 ",,$0 ,$0 
"Quijada, Jose",L.A. Angels,LHP,"$720,000 ",,$0 ,$0 
"Sandoval, Patrick",L.A. Angels,LHP,"$720,000 ",,$0 ,$0 
"Suarez, Jose",L.A. Angels,LHP,"$720,000 ",,$0 ,$0 
"Ward, Taylor",L.A. Angels,OF,"$720,000 ",,$0 ,$0 
"Gonsolin, Anthony",L.A. Dodgers,RHP,"$720,000 ",,$0 ,$0 
"Gonzalez, Victor",L.A. Dodgers,LHP,"$720,000 ",,$0 ,$0 
"Graterol, Brusdar",L.A. Dodgers,RHP,"$720,000 ",,$0 ,$0 
"Lux, Gavin",L.A. Dodgers,2B,"$720,000 ",,$0 ,$0 
"Phillips, Evan",L.A. Dodgers,RHP,"$720,000 ",,$0 ,$0 
"Vesia, Alex",L.A. Dodgers,LHP,"$720,000 ",,$0 ,$0 
"Wright, Kyle",Atlanta,RHP,"$720,000 ",,$0 ,$0 
"Ynoa, Huascar",Atlanta,RHP,"$720,000 ",,$0 ,$0 
"Hoerner, Nico",Chi. Cubs,SS,"$720,000 ",,$0 ,$0 
"Davis, Austin",Boston,LHP,"$720,000 ",,$0 ,$0 
"Whitlock, Garrett",Boston,RHP,"$720,000 ",,$0 ,$0 
"Ruiz, Jose",Chic. White Sox,RHP,"$720,000 ",,$0 ,$0 
"Antone, Tejay",Cincinnati,RHP,"$720,000 ",,$0 ,$0 
"Aquino, Aristides",Cincinnati,OF,"$720,000 ",,$0 ,$0 
"Dunn, Justin",Cincinnati,RHP,"$720,000 ",,$0 ,$0 
"Stephenson, Tyler",Cincinnati,C,"$720,000 ",,$0 ,$0 
"Allard, Kolby",Texas,LHP,"$720,000 ",,$0 ,$0 
"Hernandez, Jonathan",Texas,RHP,"$720,000 ",,$0 ,$0 
"Santana, Dennis",Texas,RHP,"$720,000 ",,$0 ,$0 
"Solak, Nick",Texas,DH,"$720,000 ",,$0 ,$0 
"Straw, Myles",Cleveland,OF,"$719,900 ",,$0 ,$0 
"Abreu, Bryan",Houston,RHP,"$719,600 ",,$0 ,$0 
"Cabrera, Genesis",St. Louis,LHP,"$719,200 ",,$0 ,$0 
"Knizner, Andrew",St. Louis,C,"$718,300 ",,$0 ,$0 
"Alzolay, Adbert",Chi. Cubs,RHP,"$718,250 ",,$0 ,$0 
"Chisholm Jr., Jazz",Miami,SS,"$718,000 ",,$0 ,$0 
"Espinal, Santiago",Toronto,2B,"$718,000 ",,$0 ,$0 
"Alcala, Jorge",Minnesota,RHP,"$717,900 ",,$0 ,$0 
"Reid-Foley, Sean",N.Y. Mets,RHP,"$717,500 ",,$0 ,$0 
"Coonrod, Samuel",Philadelphia,RHP,"$717,500 ",,$0 ,$0 
"Poppen, Sean",Arizona,RHP,"$717,400 ",,$0 ,$0 
"Mantiply, Joe",Arizona,LHP,"$717,000 ",,$0 ,$0 
"Wieck, Brad",Chi. Cubs,LHP,"$717,000 ",,$0 ,$0 
"Civale, Aaron",Cleveland,RHP,"$716,900 ",,$0 ,$0 
"Alexander, Tyler",Detroit,LHP,"$716,900 ",,$0 ,$0 
"Arozarena, Randy",Tampa Bay,OF,"$716,600 ",,$0 ,$0 
"Madrigal, Nick",Chi. Cubs,2B,"$716,500 ",,$0 ,$0 
"Mullins, Cedric",Baltimore,OF,"$716,500 ",,$0 ,$0 
"Espino, Paolo",Washington,RHP,"$716,200 ",,$0 ,$0 
"Lowe, Nate",Texas,1B,"$716,000 ",,$0 ,$0 
"Houck, Tanner",Boston,RHP,"$716,000 ",,$0 ,$0 
"Sosa, Edmundo",St. Louis,2B,"$715,600 ",,$0 ,$0 
"Bohm, Alec",Philadelphia,3B,"$715,000 ",,$0 ,$0 
"Brogdon, Connor",Philadelphia,RHP,"$715,000 ",,$0 ,$0 
"Bednar, David",Pittsburgh,RHP,"$715,000 ",,$0 ,$0 
"Cederlind, Blake",Pittsburgh,RHP,"$715,000 ",,$0 ,$0 
"Crowe, Wil",Pittsburgh,RHP,"$715,000 ",,$0 ,$0 
"Hayes, Ke'Bryan",Pittsburgh,3B,"$715,000 ",,$0 ,$0 
"Oviedo, Luis",Pittsburgh,RHP,"$715,000 ",,$0 ,$0 
"Peters, Dillon",Pittsburgh,LHP,"$715,000 ",,$0 ,$0 
"Tucker, Cole",Pittsburgh,SS,"$715,000 ",,$0 ,$0 
"Wilson, Bryse",Pittsburgh,RHP,"$715,000 ",,$0 ,$0 
"Dubon, Mauricio",San Francisco,2B,"$715,000 ",,$0 ,$0 
"Estrada, Thairo",San Francisco,2B,"$715,000 ",,$0 ,$0 
"Crochet, Garrett",Chic. White Sox,LHP,"$715,000 ",,$0 ,$0 
"Vaughn, Andrew",Chic. White Sox,1B,"$715,000 ",,$0 ,$0 
"Luzardo, Jesus",Miami,LHP,"$715,000 ",,$0 ,$0 
"Misiewicz, Anthony",Seattle,LHP,"$714,900 ",,$0 ,$0 
"Williams, Devin",Milwaukee,RHP,"$714,500 ",,$0 ,$0 
"Karinchak, James",Cleveland,RHP,"$714,500 ",,$0 ,$0 
"Clase, Emmanuel",Cleveland,RHP,"$714,400 ",,$0 ,$0 
"Fairbanks, Peter",Tampa Bay,RHP,"$714,400 ",,$0 ,$0 
"Whitley, Kodi",St. Louis,RHP,"$714,350 ",,$0 ,$0 
"Woodford, Jake",St. Louis,RHP,"$714,350 ",,$0 ,$0 
"Mize, Casey",Detroit,RHP,"$714,200 ",,$0 ,$0 
"Mendick, Daniel",Chic. White Sox,SS,"$714,000 ",,$0 ,$0 
"Dalbec, Bobby",Boston,3B,"$714,000 ",,$0 ,$0 
"Burke, Brock",Texas,LHP,"$714,000 ",,$0 ,$0 
"Dunning, Dane",Texas,RHP,"$714,000 ",,$0 ,$0 
"Garcia, Adolis",Texas,OF,"$714,000 ",,$0 ,$0 
"Heim, Jonah",Texas,C,"$714,000 ",,$0 ,$0 
"Howard, Spencer",Texas,RHP,"$714,000 ",,$0 ,$0 
"King, John",Texas,LHP,"$714,000 ",,$0 ,$0 
"Sborz, Josh",Texas,RHP,"$714,000 ",,$0 ,$0 
"White, Eli",Texas,SS,"$714,000 ",,$0 ,$0 
"Hernandez, Yadiel",Washington,OF,"$714,000 ",,$0 ,$0 
"Collins, Zack",Toronto,C,"$714,000 ",,$0 ,$0 
"Bubic, Kris",Kansas City,LHP,"$713,750 ",,$0 ,$0 
"Castellanos, Humberto",Arizona,RHP,"$713,700 ",,$0 ,$0 
"Skubal, Tarik",Detroit,LHP,"$713,600 ",,$0 ,$0 
"Kieboom, Carter",Washington,3B,"$713,400 ",,$0 ,$0 
"Jeffers, Ryan",Minnesota,C,"$713,050 ",,$0 ,$0 
"Bender, Anthony",Miami,RHP,"$713,000 ",,$0 ,$0 
"Hays, Austin",Baltimore,OF,"$713,000 ",,$0 ,$0 
"Alcantara, Sergio",Arizona,SS,"$712,500 ",,$0 ,$0 
"Schmidt, Clarke",N.Y. Yankees,RHP,"$712,500 ",,$0 ,$0 
"Murphy, Patrick",Washington,RHP,"$712,500 ",,$0 ,$0 
"Gilbert, Logan",Seattle,RHP,"$712,300 ",,$0 ,$0 
"Rasmussen, Drew",Tampa Bay,RHP,"$711,800 ",,$0 ,$0 
"Swanson, Erik",Seattle,RHP,"$711,600 ",,$0 ,$0 
"Stewart, DJ",Baltimore,OF,"$711,500 ",,$0 ,$0 
"Tate, Dillon",Baltimore,RHP,"$711,500 ",,$0 ,$0 
"Ramirez, Yohan",Seattle,RHP,"$711,400 ",,$0 ,$0 
"McClanahan, Shane",Tampa Bay,LHP,"$711,400 ",,$0 ,$0 
"Brentz, Jacob",Kansas City,LHP,"$711,250 ",,$0 ,$0 
"Merryweather, Julian",Toronto,RHP,"$711,200 ",,$0 ,$0 
"Taylor, Tyrone",Milwaukee,OF,"$711,100 ",,$0 ,$0 
"Sulser, Cole",Miami,RHP,"$711,000 ",,$0 ,$0 
"Mountcastle, Ryan",Baltimore,1B,"$711,000 ",,$0 ,$0 
"Burr, Ryan",Chic. White Sox,RHP,"$711,000 ",,$0 ,$0 
"Foster, Matt",Chic. White Sox,RHP,"$711,000 ",,$0 ,$0 
"Zuber, Tyler",Kansas City,RHP,"$710,500 ",,$0 ,$0 
"Meyers, Jake",Houston,OF,"$710,500 ",,$0 ,$0 
"Chargois, J.T.",Tampa Bay,RHP,"$710,500 ",,$0 ,$0 
"Kirk, Alejandro",Toronto,C,"$710,400 ",,$0 ,$0 
"Haase, Eric",Detroit,C,"$710,400 ",,$0 ,$0 
"Pearson, Nate",Toronto,RHP,"$710,300 ",,$0 ,$0 
"Funkhouser, Kyle",Detroit,RHP,"$710,200 ",,$0 ,$0 
"Bruihl, Justin",L.A. Dodgers,LHP,"$710,000 ",,$0 ,$0 
"Cleavinger, Garrett",L.A. Dodgers,LHP,"$710,000 ",,$0 ,$0 
"White, Mitchell",L.A. Dodgers,RHP,"$710,000 ",,$0 ,$0 
"Criswell, Cooper",L.A. Angels,RHP,"$710,000 ",,$0 ,$0 
"Detmers, Reid",L.A. Angels,LHP,"$710,000 ",,$0 ,$0 
"Marsh, Brandon",L.A. Angels,OF,"$710,000 ",,$0 ,$0 
"Ortega, Oliver",L.A. Angels,RHP,"$710,000 ",,$0 ,$0 
"Rodriguez, Chris",L.A. Angels,RHP,"$710,000 ",,$0 ,$0 
"Rojas, Jose",L.A. Angels,OF,"$710,000 ",,$0 ,$0 
"Warren, Austin",L.A. Angels,RHP,"$710,000 ",,$0 ,$0 
"Blackburn, Paul",Oakland,RHP,"$710,000 ",,$0 ,$0 
"Pache, Cristian",Oakland,OF,"$710,000 ",,$0 ,$0 
"Fraley, Jake",Cincinnati,OF,"$710,000 ",,$0 ,$0 
"Schrock, Max",Cincinnati,2B,"$710,000 ",,$0 ,$0 
"Gomber, Austin",Colorado,LHP,"$710,000 ",,$0 ,$0 
"Rodgers, Brendan",Colorado,2B,"$710,000 ",,$0 ,$0 
"Arauz, Jonathan",Boston,SS,"$710,000 ",,$0 ,$0 
"Valdez, Phillips",Boston,RHP,"$710,000 ",,$0 ,$0 
"Anderson, Ian",Atlanta,RHP,"$710,000 ",,$0 ,$0 
"Contreras, William",Atlanta,C,"$710,000 ",,$0 ,$0 
"Davidson, Tucker",Atlanta,LHP,"$710,000 ",,$0 ,$0 
"Strider, Spencer",Atlanta,RHP,"$710,000 ",,$0 ,$0 
"Mercado, Oscar",Cleveland,OF,"$709,900 ",,$0 ,$0 
"Akin, Keegan",Baltimore,LHP,"$709,500 ",,$0 ,$0 
"Mateo, Jorge",Baltimore,OF,"$709,500 ",,$0 ,$0 
"Baddoo, Akil",Detroit,OF,"$709,400 ",,$0 ,$0 
"Okert, Steven",Miami,LHP,"$709,000 ",,$0 ,$0 
"Sanchez, Jesus",Miami,OF,"$709,000 ",,$0 ,$0 
"Hernandez, Carlos",Kansas City,RHP,"$708,750 ",,$0 ,$0 
"Feyereisen, J.P.",Tampa Bay,RHP,"$708,600 ",,$0 ,$0 
"Kirilloff, Alex",Minnesota,OF,"$708,250 ",,$0 ,$0 
"Machado, Andres",Washington,RHP,"$708,200 ",,$0 ,$0 
"Sherriff, Ryan",Philadelphia,LHP,"$708,000 ",,$0 ,$0 
"Castro, Anthony",Cleveland,RHP,"$707,900 ",,$0 ,$0 
"Gutierrez, Vladimir",Cincinnati,RHP,"$707,500 ",,$0 ,$0 
"Rortvedt, Ben",N.Y. Yankees,C,"$707,500 ",,$0 ,$0 
"Megill, Tylor",N.Y. Mets,RHP,"$707,500 ",,$0 ,$0 
"Bart, Joey",San Francisco,C,"$707,500 ",,$0 ,$0 
"Abreu, Albert",Texas,RHP,"$707,500 ",,$0 ,$0 
"Saucedo, Tayler",Toronto,LHP,"$707,500 ",,$0 ,$0 
"Fleming, Josh",Tampa Bay,LHP,"$707,400 ",,$0 ,$0 
"Patino, Luis",Tampa Bay,RHP,"$707,400 ",,$0 ,$0 
"McKenzie, Triston",Cleveland,RHP,"$707,100 ",,$0 ,$0 
"Hermosillo, Michael",Chi. Cubs,OF,"$707,000 ",,$0 ,$0 
"Gordon, Nick",Minnesota,SS,"$706,800 ",,$0 ,$0 
"Adams, Riley",Washington,C,"$706,700 ",,$0 ,$0 
"Gimenez, Andres",Cleveland,SS,"$706,600 ",,$0 ,$0 
"Gutierrez, Kelvin",Baltimore,3B,"$706,500 ",,$0 ,$0 
"Cousins, Jake",Milwaukee,RHP,"$706,400 ",,$0 ,$0 
"Brosseau, Michael",Milwaukee,2B,"$706,300 ",,$0 ,$0 
"Ober, Bailey",Minnesota,RHP,"$706,200 ",,$0 ,$0 
"Jones, Taylor",Houston,1B,"$706,200 ",,$0 ,$0 
"Kelenic, Jarred",Seattle,OF,"$706,200 ",,$0 ,$0 
"Manoah, Alek",Toronto,RHP,"$706,200 ",,$0 ,$0 
"Ibanez, Andy",Texas,2B,"$706,000 ",,$0 ,$0 
"Nelson, Nick",Philadelphia,RHP,"$706,000 ",,$0 ,$0 
"Rogers, Jake",Detroit,C,"$706,000 ",,$0 ,$0 
"Head, Louis",Miami,RHP,"$706,000 ",,$0 ,$0 
"De La Cruz, Bryan",Miami,OF,"$706,000 ",,$0 ,$0 
"Thompson, Keegan",Chi. Cubs,RHP,"$706,000 ",,$0 ,$0 
"Sheets, Gavin",Chic. White Sox,1B,"$706,000 ",,$0 ,$0 
"Schwindel, Frank",Chi. Cubs,1B,"$705,500 ",,$0 ,$0 
"Kremer, Dean",Baltimore,RHP,"$705,500 ",,$0 ,$0 
"Urias, Ramon",Baltimore,2B,"$705,500 ",,$0 ,$0 
"Zimmermann, Bruce",Baltimore,LHP,"$705,500 ",,$0 ,$0 
"Olivares, Edward",Kansas City,OF,"$705,500 ",,$0 ,$0 
"Chang, Yu-Cheng",Cleveland,3B,"$705,400 ",,$0 ,$0 
"Manning, Matt",Detroit,RHP,"$705,300 ",,$0 ,$0 
"Nootbaar, Lars",St. Louis,OF,"$705,200 ",,$0 ,$0 
"Hiura, Keston",Milwaukee,2B,"$705,100 ",,$0 ,$0 
"Milner, Hoby",Milwaukee,LHP,"$705,100 ",,$0 ,$0 
"Martin, Corbin",Arizona,RHP,"$705,100 ",,$0 ,$0 
"Perez, Cionel",Baltimore,LHP,"$705,000 ",,$0 ,$0 
"Steele, Justin",Chi. Cubs,LHP,"$705,000 ",,$0 ,$0 
"Daza, Yonathan",Colorado,OF,"$705,000 ",,$0 ,$0 
"Goudeau, Ashton",Colorado,RHP,"$705,000 ",,$0 ,$0 
"Hilliard, Sam",Colorado,OF,"$705,000 ",,$0 ,$0 
"Nunez, Dom",Colorado,C,"$705,000 ",,$0 ,$0 
"Sheffield, Jordan",Colorado,RHP,"$705,000 ",,$0 ,$0 
"Castano, Daniel",Miami,LHP,"$705,000 ",,$0 ,$0 
"Reed, Jake",N.Y. Mets,RHP,"$705,000 ",,$0 ,$0 
"Allen, Austin",Oakland,C,"$705,000 ",,$0 ,$0 
"Brown, Seth",Oakland,OF,"$705,000 ",,$0 ,$0 
"Irvin, Cole",Oakland,LHP,"$705,000 ",,$0 ,$0 
"Kaprielian, James",Oakland,RHP,"$705,000 ",,$0 ,$0 
"Puk, A.J.",Oakland,LHP,"$705,000 ",,$0 ,$0 
"Romero, Seth",Washington,LHP,"$705,000 ",,$0 ,$0 
"Fletcher, Aaron",Pittsburgh,LHP,"$705,000 ",,$0 ,$0 
"Kranick, Max",Pittsburgh,RHP,"$705,000 ",,$0 ,$0 
"Mears, Nick",Pittsburgh,RHP,"$705,000 ",,$0 ,$0 
"Park, Hoy Jun",Pittsburgh,OF,"$705,000 ",,$0 ,$0 
"Thompson, Zach",Pittsburgh,RHP,"$705,000 ",,$0 ,$0 
"Yajure, Miguel",Pittsburgh,RHP,"$705,000 ",,$0 ,$0 
"Guerra, Javier",San Diego,RHP,"$704,900 ",,$0 ,$0 
"Hill, Derek",Detroit,OF,"$704,900 ",,$0 ,$0 
"Garcia, Rony",Detroit,RHP,"$704,800 ",,$0 ,$0 
"Baez, Michel",San Diego,RHP,"$704,700 ",,$0 ,$0 
"Morejon, Adrian",San Diego,LHP,"$704,500 ",,$0 ,$0 
"Stubbs, Garrett",Philadelphia,C,"$704,500 ",,$0 ,$0 
"Ashby, Aaron",Milwaukee,LHP,"$704,500 ",,$0 ,$0 
"Wells, Tyler",Baltimore,RHP,"$704,500 ",,$0 ,$0 
"Bukauskas, J.B.",Arizona,RHP,"$704,100 ",,$0 ,$0 
"McKenna, Ryan",Baltimore,OF,"$704,000 ",,$0 ,$0 
"Poteet, Cody",Miami,RHP,"$704,000 ",,$0 ,$0 
"Siri, Jose",Houston,OF,"$704,000 ",,$0 ,$0 
"Vierling, Matt",Philadelphia,OF,"$704,000 ",,$0 ,$0 
"Barlow, Joe",Texas,RHP,"$704,000 ",,$0 ,$0 
"Walls, Taylor",Tampa Bay,SS,"$704,000 ",,$0 ,$0 
"Carlson, Dylan",St. Louis,OF,"$703,800 ",,$0 ,$0 
"Doval, Camilo",San Francisco,RHP,"$703,750 ",,$0 ,$0 
"Long, Sam",San Francisco,LHP,"$703,750 ",,$0 ,$0 
"Lange, Alex",Detroit,RHP,"$703,700 ",,$0 ,$0 
"Lynch, Daniel",Kansas City,LHP,"$703,600 ",,$0 ,$0 
"Gray, Josiah",Washington,RHP,"$703,500 ",,$0 ,$0 
"Stephan, Trevor",Cleveland,RHP,"$703,400 ",,$0 ,$0 
"Mercedes, Yermin",Chic. White Sox,C,"$703,000 ",,$0 ,$0 
"Guenther, Sean",Miami,LHP,"$703,000 ",,$0 ,$0 
"Falter, Bailey",Philadelphia,LHP,"$703,000 ",,$0 ,$0 
"Romero, JoJo",Philadelphia,LHP,"$703,000 ",,$0 ,$0 
"Raleigh, Cal",Seattle,C,"$702,900 ",,$0 ,$0 
"Gose, Anthony",Cleveland,LHP,"$702,900 ",,$0 ,$0 
"Ellis, Drew",Arizona,3B,"$702,900 ",,$0 ,$0 
"Celestino, Gilberto",Minnesota,OF,"$702,850 ",,$0 ,$0 
"Ridings, Stephen",N.Y. Yankees,RHP,"$702,500 ",,$0 ,$0 
"Rucker, Michael",Chi. Cubs,RHP,"$702,500 ",,$0 ,$0 
"Hentges, Sam",Cleveland,LHP,"$702,500 ",,$0 ,$0 
"Garcia, Jose",Cincinnati,SS,"$702,500 ",,$0 ,$0 
"Hendrix, Ryan",Cincinnati,RHP,"$702,500 ",,$0 ,$0 
"Santillan, Antonio",Cincinnati,RHP,"$702,500 ",,$0 ,$0 
"Warren, Art",Cincinnati,RHP,"$702,500 ",,$0 ,$0 
"McCarthy, Jake",Arizona,OF,"$702,400 ",,$0 ,$0 
"Bradley, Bobby",Cleveland,INF,"$702,300 ",,$0 ,$0 
"Topa, Justin",Milwaukee,RHP,"$702,200 ",,$0 ,$0 
"Thompson, Mason",Washington,RHP,"$702,200 ",,$0 ,$0 
"Morgan, Eli",Cleveland,RHP,"$702,100 ",,$0 ,$0 
"Gilbreath, Lucas",Colorado,LHP,"$702,000 ",,$0 ,$0 
"Joe, Connor",Colorado,OF,"$702,000 ",,$0 ,$0 
"Trejo, Alan",Colorado,SS,"$702,000 ",,$0 ,$0 
"Lawrence, Justin",Colorado,RHP,"$702,000 ",,$0 ,$0 
"Crawford, Kutter",Boston,RHP,"$702,000 ",,$0 ,$0 
"Devers, Jose",Miami,SS,"$702,000 ",,$0 ,$0 
"Henry, Payton",Miami,C,"$702,000 ",,$0 ,$0 
"Kowar, Jackson",Kansas City,RHP,"$702,000 ",,$0 ,$0 
"Speier, Gabe",Kansas City,LHP,"$702,000 ",,$0 ,$0 
"Emanuel, Kent",Philadelphia,LHP,"$702,000 ",,$0 ,$0 
"Isbel, Kyle",Kansas City,OF,"$701,900 ",,$0 ,$0 
"Allen, Logan",Cleveland,LHP,"$701,700 ",,$0 ,$0 
"Sandlin, Nick",Cleveland,RHP,"$701,700 ",,$0 ,$0 
"Ryan, Joe",Minnesota,RHP,"$701,650 ",,$0 ,$0 
"Effross, Scott",Chi. Cubs,RHP,"$701,500 ",,$0 ,$0 
"Rivas, Alfonso",Chi. Cubs,1B,"$701,500 ",,$0 ,$0 
"Marchan, Rafael",Philadelphia,C,"$701,500 ",,$0 ,$0 
"Williams, Lucas",San Francisco,3B,"$701,500 ",,$0 ,$0 
"Foley, Jason",Detroit,RHP,"$701,400 ",,$0 ,$0 
"Perdomo, Geraldo",Arizona,SS,"$701,300 ",,$0 ,$0 
"Ruiz, Keibert",Washington,C,"$701,300 ",,$0 ,$0 
"McKay, Brendan",Tampa Bay,LHP,"$701,200 ",,$0 ,$0 
"Baz, Shane",Tampa Bay,RHP,"$701,100 ",,$0 ,$0 
"Miller, Owen",Cleveland,SS,"$701,100 ",,$0 ,$0 
"Beer, Seth",Arizona,1B,"$701,000 ",,$0 ,$0 
"Baumann, Michael",Baltimore,RHP,"$701,000 ",,$0 ,$0 
"Krehbiel, Joseph",Baltimore,RHP,"$701,000 ",,$0 ,$0 
"Lowe, Josh",Tampa Bay,OF,"$701,000 ",,$0 ,$0 
"Jones, Damon",Philadelphia,LHP,"$701,000 ",,$0 ,$0 
"Moniak, Mickey",Philadelphia,OF,"$701,000 ",,$0 ,$0 
"Sanchez, Cristopher",Philadelphia,LHP,"$701,000 ",,$0 ,$0 
"Clement, Ernie",Cleveland,SS,"$700,800 ",,$0 ,$0 
"Coleman, Dylan",Kansas City,RHP,"$700,650 ",,$0 ,$0 
"Baker, Bryan",Baltimore,RHP,"$700,500 ",,$0 ,$0 
"Romero, Jhon",Minnesota,RHP,"$700,400 ",,$0 ,$0 
"Adon, Joan",Washington,RHP,"$700,200 ",,$0 ,$0 
"Brash, Matthew",Seattle,RHP,"$700,100 ",,$0 ,$0 
"Rodriguez, Julio",Seattle,OF,"$700,000 ",,$0 ,$0 
"Festa, Matt",Seattle,RHP,"$700,000 ",,$0 ,$0 
"Fox, Lucius",Washington,SS,"$700,000 ",,$0 ,$0 
"Pallante, Andre",St. Louis,RHP,"$700,000 ",,$0 ,$0 
"Stott, Bryson",Philadelphia,SS,"$700,000 ",,$0 ,$0 
"Castillo, Diego",Pittsburgh,2B,"$700,000 ",,$0 ,$0 
"Wilson, Steven",San Diego,RHP,"$700,000 ",,$0 ,$0 
"Abrams, C.J.",San Diego,SS,"$700,000 ",,$0 ,$0 
"Azocar, Jose",San Diego,OF,"$700,000 ",,$0 ,$0 
"Duran, Jhoan",Minnesota,RHP,"$700,000 ",,$0 ,$0 
"Winder, Josh",Minnesota,RHP,"$700,000 ",,$0 ,$0 
"Acevedo, Domingo",Oakland,RHP,"$700,000 ",,$0 ,$0 
"Bolt, Skye",Oakland,OF,"$700,000 ",,$0 ,$0 
"Honeywell Jr, Brent",Oakland,RHP,"$700,000 ",,$0 ,$0 
"Jefferies, Daulton",Oakland,RHP,"$700,000 ",,$0 ,$0 
"Moll, Sam",Oakland,LHP,"$700,000 ",,$0 ,$0 
"Neuse, Sheldon",Oakland,2B,"$700,000 ",,$0 ,$0 
"Oller, Adam",Oakland,RHP,"$700,000 ",,$0 ,$0 
"Smith, Kevin",Oakland,3B,"$700,000 ",,$0 ,$0 
"Snead, Kirby",Oakland,LHP,"$700,000 ",,$0 ,$0 
"Jackson, Zach",Oakland,RHP,"$700,000 ",,$0 ,$0 
"Jimenez, Dany",Oakland,RHP,"$700,000 ",,$0 ,$0 
"Lemoine, Jake",Oakland,RHP,"$700,000 ",,$0 ,$0 
"Marinaccio, Ron",N.Y. Yankees,RHP,"$700,000 ",,$0 ,$0 
"Sears, J.P.",N.Y. Yankees,LHP,"$700,000 ",,$0 ,$0 
"Gustave, Jandel",Milwaukee,RHP,"$700,000 ",,$0 ,$0 
"Curtiss, John",N.Y. Mets,RHP,"$700,000 ",,$0 ,$0 
"Snider, Collin",Kansas City,RHP,"$700,000 ",,$0 ,$0 
"Witt, Bobby",Kansas City,3B,"$700,000 ",,$0 ,$0 
"Pena, Jeremy",Houston,SS,"$700,000 ",,$0 ,$0 
"Blanco, Ronel",Houston,RHP,"$700,000 ",,$0 ,$0 
"Rodriguez, Elvin",Detroit,RHP,"$700,000 ",,$0 ,$0 
"Torkelson, pencer",Detroit,1B,"$700,000 ",,$0 ,$0 
"Vest, Will",Detroit,RHP,"$700,000 ",,$0 ,$0 
"Nelson, Jimmy",L.A. Dodgers,RHP,"$700,000 ",,$0 ,$0 
"Bautista, Felix",Baltimore,RHP,"$700,000 ",,$0 ,$0 
"Odor, Rougned",Baltimore,2B,"$700,000 ",,$0 ,$0 
"Roberts, Ethan",Chi. Cubs,RHP,"$700,000 ",,$0 ,$0 
"Herrera, Jose",Arizona,C,"$700,000 ",,$0 ,$0 
"Hummel, Cooper",Arizona,OF,"$700,000 ",,$0 ,$0 
"Kwan, Steven",Cleveland,OF,"$700,000 ",,$0 ,$0 
"Lavastida, Bryan",Cleveland,C,"$700,000 ",,$0 ,$0 
"Morris, Cody",Cleveland,RHP,"$700,000 ",,$0 ,$0 
"Pilkington, Konnor",Cleveland,LHP,"$700,000 ",,$0 ,$0 
"Vargas, Carlos",Cleveland,RHP,"$700,000 ",,$0 ,$0 
"Rolison, Ryan",Colorado,LHP,"$700,000 ",,$0 ,$0 
"Diaz, Alexis",Cincinnati,RHP,"$700,000 ",,$0 ,$0 
"Duarte, Daniel",Cincinnati,RHP,"$700,000 ",,$0 ,$0 
"Greene, Hunter",Cincinnati,RHP,"$700,000 ",,$0 ,$0 
"Moreta, Dauri",Cincinnati,RHP,"$700,000 ",,$0 ,$0 
"Sanmartin, Reiver",Cincinnati,LHP,"$700,000 ",,$0 ,$0 
"Garcia, Aramis",Cincinnati,C,"$700,000 ",,$0 ,$0 
"Sousa, Bennett",Chic. White Sox,LHP,"$700,000 ",,$0 ,$0 
"Stiever, Jonathan",Chic. White Sox,RHP,"$700,000 ",,$0 ,$0 
"Banks, Tanner",Chic. White Sox,LHP,"$700,000 ",,$0 ,$0 
"Burger, Jake",Chic. White Sox,3B,"$700,000 ",,$0 ,$0 
